[
   {
      "name":"Home",
      "actions":[
         {
            "keyword":"SearchProduct",
            "next_page":null
         }
         ,
         {
            "keyword":"Register",
            "next_page":null
         }
         ,
         {
            "keyword":"AddWhiteShirtToCart",
            "next_page":null
         }
         ,
         {
            "keyword":"verifyStayProductPage",
            "next_page":null
         }
         ,
         {
            "keyword":"Checkout",
            "next_page":null
         }

      ]
   }
]
